use restaurants;
-- category_foods
INSERT INTO `category_foods` 
VALUES 
  (1, 'Banh my', NULL, NULL),
  (2, 'Pho', NULL, NULL),
  (3, 'Bun', NULL, NULL),
  (4, 'Xoi', NULL, NULL),
  (5, 'Nuoc', NULL, NULL);
--  customers
INSERT INTO `customers` (customer_id, name, phone, email)
VALUES 
  (1, 'Nguyễn Yến Vy', '0372586032', 'nguyenvy@gmail.com'),
  (2, 'Nguyễn Yến Nhi', '0372503947', 'nguyennhi@gmail.com'),
  (3, 'Nguyễn Quốc Đạt', '0372586999', 'nguyedat@gmail.com'),
  (4, 'Nguyễn Hoàng Mai', '0303986032', 'nguyenmai@gmail.com'),
  (5, 'Nguyễn Hữu Hùng', '0372558323', 'nguyenhung@gmail.com'),
  (6, 'Nguyễn Tiến Dũng', '03725802945', 'nguyendung@gmail.com'),
  (7, 'Nguyễn Thị Mai', '0372589385', 'nguyenmai@gmail.com'),
  (8, 'Nguyễn Kiều Ly', '0372582222', 'nguyenly0183@gmail.com'),
  (9, 'Nguyễn Yến Hạnh', '0379384732', 'nguyenhanh1234@gmail.com'),
  (10, 'Bùi Đức Minh', '0379386032', 'nguyenminhinh12@gmail.com'),
  (11, 'Lê Yến Hà', '0372586009', 'nguyenhaha@gmail.com'),
  (12, 'Nguyễn Trùng Quân', '0372586980', 'nguyenquannh@gmail.com'),
  (13, 'Hồ Ngọc Vy', '0372583856', 'nguyenvyyyai@gmail.com'),
  (14, 'Bùi Xuân Trường', '0386986032', 'nguyentruongf@gmail.com'),
  (15, 'Hoàng Văn Minh', '0372509573', 'nguyenmynh@gmail.com'),
  (16, 'Nguyễn Thị Minh', '0372592842', 'nguyenminh9876@gmail.com'),
  (17, 'Triệu Hữu Chung', '0372582632', 'nguyenchung1234@gmail.com'),
  (18, 'Đào Lê Quang Huy', '033250396', 'nguyenhuy183@gmail.com'),
  (19, 'Nguyễn Tiến Thiệp', '0332873622', 'nguyenhung193@gmail.com'),
  (20, 'Lâm Vỹ Dạ', '0372580972', 'nguyenda019@gmail.com'),
  (21, 'Nguyễn Thị Hạnh', '0373384032', 'nguyenhanh2074@gmail.com'),
  (22, 'Nguyễn Hoàng Mai', '0303986032', 'nguyenmai908@gmail.com'),
  (23, 'Nguyễn Hữu Hùng', '0372558323', 'nguyenhung12a@gmail.com'),
  (24, 'Nguyễn Tiến Dũng', '0323332945', 'nguyendung0980@gmail.com'),
  (25, 'Nguyễn Thị Mai', '0372583335', 'nguyenmmai917@gmail.com'),
  (26, 'Nguyễn Kiều Trinh', '0374442222', 'nguyentrinhinh@gmail.com'),
  (27, 'Bùi Thị Hằng', '0378794732', 'nguyenhangng@gmail.com'),
  (28, 'Bùi Quang Minh', '0323386032', 'nguyenminh12@gmail.com'),
  (29, 'Huỳnh Thị Hà', '0372586709', 'nguyenhahi@gmail.com'),
  (30, 'Nguyễn Anh Quân', '0372656980', 'nguyenquannap@gmail.com'),
  (31, 'Hồ Ngọc Hà', '0372583856', 'nguyenvy@gmail.com'),
  (32, 'Bùi Xuân Vinh', '0386986032', 'nguyenvy@gmail.com'),
  (33, 'Hoàng Văn Công', '0372235573', 'nguyencongkin@gmail.com'),
  (34, 'Nguyễn Thị Linh', '0372457842', 'nguyenlinhinhinh@gmail.com'),
  (35, 'Triệu Hữu Đạt', '0372582975', 'nguyendatw2q@gmail.com'),
  (36, 'Đào Lê Quang Thiệp', '037376396', 'nguyenvy@gmail.com'),
  (37, 'Nguyễn Tiến Lên', '0371763622', 'nguyenlen92@gmail.com'),
  (38, 'Lâm Vỹ Vỹ', '0372582352', 'nguyenvy193@gmail.com'),
  (39, 'Nguyễn Thị Cúc', '0379583202', 'nguyencu827@gmail.com'),
  (40, 'Trần Hoàng Mai', '0301980965', 'nguyenmai193@gmail.com'),
  (41, 'Lê Hữu Hùng', '0372552212', 'nguyenhungg@gmail.com'),
  (42, 'Bùi Tiến Dũng', '03722802955', 'nguyendung@gmail.com'),
  (43, 'Mạc Thị Mai', '0372523385', 'nguyenmaiii@gmail.com'),
  (44, 'Bùi Kiều Ly', '0372582219', 'nguyenlyyy@gmail.com'),
  (45, 'Lê Yến Hạnh', '0379388732', 'nguyenhanh897@gmail.com'),
  (46, 'Bùi Xuân Minh', '0379385832', 'nguyenminh@gmail.com'),
  (47, 'Lê Yến Trang', '0372584359', 'nguyentrang12@gmail.com'),
  (48, 'Nguyễn Trung Quân', '0372486980', 'nguyenquan@gmail.com'),
  (49, 'Hồ Ngọc Kim', '0372512356', 'nguyenkim@gmail.com'),
  (50, 'Bùi Xuân An', '0386988692', 'nguyenanxnuan@gmail.com'),
  (51, 'Hoàng Văn Đức', '0372123573', 'nguyenduc23@gmail.com'),
  (52, 'Nguyễn Thị Lâm', '0371232842', 'nguyenlam12@gmail.com'),
  (53, 'Triệu Thị Trinh', '0372598732', 'nguyentrinh67@gmail.com'),
  (54, 'Hoàng Hữu Nam', '0372509577', 'nguyennam09@gmail.com'),
  (55, 'Nguyễn Thị Hương', '0372147842', 'nguyenhương23@gmail.com'),
  (56, 'Triệu Minh Anh', '0372582631', 'nguyenanh12@gmail.com');
--  roles
 INSERT INTO `roles` 
VALUES 
  (1, 'Nv_order', 'Order đồ', NULL, NULL),
  (2, 'Nv_phucvu', 'Phục vụ khách', NULL, NULL),
  (3, 'Lao_Cong', 'Quét dọn', NULL, NULL),
  (4, 'Quan_ly', 'Quản lý', NULL, NULL),
  (5, 'Dau_bep', 'Nấu ăn', NULL, NULL),
  (6, 'Phu_bep', 'Phụ bếp', NULL, NULL);
--  employees
INSERT INTO `employees` 
  (`name`, `address`, `phone`, `email`, `role_id`) 
VALUES 
  ('Nguyen Huy', '123 Main Street, Cityville, State 12345', '(123) 456-7890', 'email9@gmail.com', 1),
  ('Ngoc Huy', '456 Elm Avenue, Townsville, State 67890', '(234) 567-8901', 'bogususer10@yahoo.com', 2),
  ('Tran Bao', '789 Oak Road, Villagetown, State 13579', '(345) 678-9012', 'sample11@hotmail.com', 3),
  ('Nguyen Luong', '101 Maple Lane, Suburbia, State 24680', '(456) 789-0123', 'dummyemail12@outlook.com', 4),
  ('Minh Ngoc', '202 Pine Street, Hamletville, State 86420', '(567) 890-1234', 'fake13@gmail.com', 5),
  ('Xuan Khang', '303 Birch Road, Countryside, State 97531', '(678) 901-2345', 'notarealperson14@yahoo.com', 6),
  ('Thao Ly', '404 Cedar Avenue, Riverside, State 80246', '(789) 012-3456', 'email15@hotmail.com', 1),
  ('Thu Huyen', '505 Walnut Way, Lakeside, State 64209', '(890) 123-4567', 'fictional16@outlook.com', 1),
  ('Tran Nhung', '606 Sycamore Drive, Hillside, State 71358', '(901) 234-5678', 'test17@gmail.com', 2),
  ('Hoang Chau', '808 Spruce Road, Mountainview, State 54682', '(012) 345-6789', 'imaginary18@yahoo.com', 3),
  ('Duong Hung', '707 Redwood Lane, Beachtown, State 32974', '(112) 233-4455', 'example19@hotmail.com', 5),
  ('Quang Minh', '909 Magnolia Avenue, Meadowville, State 17893', '(223) 344-5566', 'fake20@outlook.com', 4),
  ('Thu Hoai', '210 Lilac Lane, Parkside, State 46230', '(334) 455-6677', 'user21@gmail.com', 2),
  ('Hoa Minzy', '511 Laurel Street, Suburbia, State 73921', '(445) 566-7788', 'madeup22@yahoo.com', 2),
  ('Do Minzy', '712 Cherry Road, Woodland, State 62517', '(556) 677-8899', 'notreal23@hotmail.com', 3),
  ('Do Mixi', '913 Acacia Avenue, Laketown, State 98136', '(667) 788-9900', 'testuser24@outlook.com', 6),
  ('Nhism', '114 Bluebonnet Way, Riverside, State 57389', '(778) 899-0011', 'bogus25@gmail.com', 4),
  ('Dev Nguyen', '315 Marigold Drive, Hillcrest, State 20548', '(889) 900-1122', 'example1@gmail.com', 2),
  ('Luu Hung Thang', '616 Tulip Road, Orchardville, State 68974', '(900) 011-2233', 'testuser2@yahoo.com', 1),
  ('Nguyen Phuong Anh', '817 Hyacinth Lane, Riverdale, State 42673', '(010) 122-3344', 'fake_email3@hotmail.com', 2),
  ('Tran Binh Nguyen', '118 Sunflower Street, Meadowbrook, State 75931', '(121) 233-4455', 'user4@outlook.com', 3),
  ('Nguyen Trung Hieu', '419 Daffodil Avenue, Parkview, State 63480', '(232) 344-5566', 'imaginary5@gmail.com', 3),
  ('Duong Bao Lam', '520 Dahlia Road, Lakeshore, State 91325', '(343) 455-6677', 'notreal6@yahoo.com', 4),
  ('Tran Quynh Trang', '721 Rosewood Drive, Beachside, State 38014', '(454) 566-7788', 'madeupemail7@hotmail.com', 5),
  ('Nguyen Thao Nguyen', '822 Petunia Way, Hilltop, State 54792', '(565) 677-8899', 'fictitious8@outlook.com', 1);
--  facilities
 INSERT INTO `restaurants`.`facilities` (name, amount)
VALUES
   ('máy tính', 10),
   ('máy in hóa đơn', 2),
   ('bộ đàm', 10),
   ('quầy lễ tân', 1),
   ('bàn đôi', 20),
   ('bàn 4', 80),
   ('bàn lớn', 50),
   ('ghế', 600),
   ('khăn trải bàn', 350),
   ('lọ hoa', 200),
   ('tranh ảnh', 20),
   ('rèm cửa', 20),
   ('tủ trưng bày', 4),
   ('loa đài', 4),
   ('micro', 10),
   ('điều hòa', 10),
   ('hệ thống ánh sáng', 4),
   ('đĩa 15', 1000),
   ('đĩa 20', 1000),
   ('bát ăn', 1000),
   ('bát lớn', 1000),
   ('chén', 600),
   ('cốc', 600);
-- menus
INSERT INTO `menus` 
  (item_name , `description`, `price`, `category_id`, `created_at`, `updated_at`) 
VALUES 
  ('Banh my pate', 'Banh my, pate, do chua', 30000.00, 1, '2023-11-07 03:50:48', '2023-11-07 04:51:48'),
  ('Banh my lap xuong', 'Banh my, lap xuong, do chua', 30000.00, 1, '2023-11-07 03:50:48', '2023-11-07 04:51:48'),
  ('Banh my trung', 'Banh my, trung, do chua', 25000.00, 1, '2023-11-07 03:50:48', '2023-11-07 04:51:48'),
  ('Banh my gio', 'Banh my, gio lua, do chua', 30000.00, 1, '2023-11-07 03:50:48', '2023-11-07 04:51:48'),
  ('Pho bo', 'Pho, thit bo, rau thom, nuoc dung', 60000.00, 2, '2023-11-07 03:50:48', '2023-11-07 04:51:48'),
  ('Pho ga', 'Pho, thit ga, rau thom, nuoc dung', 60000.00, 2, '2023-11-07 03:50:48', '2023-11-07 04:51:48'),
  ('Pho tron', 'Pho, thit bo, rau thom, nuoc dung', 60000.00, 2, '2023-11-07 03:50:48', '2023-11-07 04:51:48'),
  ('Pho cuon', 'Pho, thit bo, rau thom, nuoc dung', 65000.00, 2, '2023-11-07 03:50:48', '2023-11-07 04:51:48'),
  ('Bun dau', 'Bun, dau ran, nem cha, mam tom, rau', 60000.00, 3, '2023-11-07 03:50:48', '2023-11-07 04:51:48'),
  ('Bun cha', 'Bun, cha thit, cha mieng, ca rot, su hao', 50000.00, 3, '2023-11-07 03:50:48', '2023-11-07 04:51:48'),
  ('Bun ca', 'Bun, ca chien gion, giam toi, rau', 60000.00, 3, '2023-11-07 03:50:48', '2023-11-07 04:51:48'),
  ('Bun ngan', 'Bun, thit ngan, hanh phi, rau', 60000.00, 3, '2023-11-07 03:50:48', '2023-11-07 04:51:48'),
  ('Xoi gio', 'Xoi, gio lua, tuong, rau', 40000.00, 4, '2023-11-07 03:50:48', '2023-11-07 04:51:48'),
  ('Xoi xuc xich', 'Xoi, xuc xich, tuong, rau', 40000.00, 4, '2023-11-07 03:50:48', '2023-11-07 04:51:48'),
  ('Xoi thit kho', 'Xoi, thit kho, tuong, rau', 40000.00, 4, '2023-11-07 03:50:48', '2023-11-07 04:51:48'),
  ('Xoi pate', 'Xoi, pate, tuong, rau', 40000.00, 4, '2023-11-07 03:50:48', '2023-11-07 04:51:48'),
  ('Nuoc loc', 'Nước lọc', 20000.00, 5, '2023-11-07 03:50:48', '2023-11-07 04:51:48'),
  ('Coca', 'Nước coca', 30000.00, 5, '2023-11-07 03:50:48', '2023-11-07 04:51:48'),
  ('Tra chanh', 'Trà chanh', 20000.00, 5, '2023-11-07 03:50:48', '2023-11-07 04:51:48'),
  ('Tra dao', 'Trà đào', 20000.00, 5, '2023-11-07 03:50:48', '2023-11-07 04:51:48');
-- table_types
 INSERT INTO `table_types` (`name`, `description`, amount) 
VALUES 
  ('Bàn đôi', 'Ban doi', 5),
  ('Bàn nhóm', 'Ban nhom', 5),
  ('Phòng riêng', 'Phong rieng', 5),
  ('Đặt tiệc', 'Dat tiec 01', 5);
-- tables
 INSERT INTO `restaurants`.`tables` (`name`, `table_type_id`) VALUES 
  ('BD01', 1),
  ('BD02', 1),
  ('BD03', 1),
  ('BD04', 1),
  ('BD05', 1),
  ('BN01', 2),
  ('BN02', 2),
  ('BN03', 2),
  ('BN04', 2),
  ('BN05', 2),
  ('PR01', 3),
  ('PR02', 3),
  ('PR03', 3),
  ('PR04', 3),
  ('PR05', 3),
  ('DT01', 4),
  ('DT02', 4),
  ('DT03', 4),
  ('DT04', 4),
  ('DT05', 4);
-- orders
INSERT INTO `orders` (`name`, `customer_id`, `table_id`, `order_date`, `total_amount`, `time`)
VALUES 
  ('DH1', 30, 2, '2023-11-07', 250000.00, 12),
  ('DH2', 32, 1, '2023-11-07', 260000.00, 20),
  ('DH3', 36, 3, '2023-11-07', 400000.00, 9),
  ('DH4', 39, 3, '2023-11-07', 320000.00, 21),
  ('DH5', 40, 4, '2023-11-07', 260000.00, 14);
-- order_details
INSERT INTO `order_details` (`order_id`, `menu_id`, `quantity`, `total`)
VALUES 
  (1, 1, 2, 250000.00),
  (1, 2, 1, 250000.00),
  (1, 3, 2, 250000.00),
  (2, 1, 2, 260000.00),
  (2, 2, 3, 250000.00),
  (2, 3, 2, 250000.00),
  (3, 4, 5, 400000.00),
  (3, 6, 4, 250000.00),
  (3, 5, 1, 250000.00),
  (4, 1, 2, 320000.00),
  (4, 2, 4, 250000.00),
  (4, 3, 5, 250000.00),
  (5, 1, 3, 260000.00),
  (5, 2, 1, 250000.00),
  (5, 3, 2, 250000.00);
 
--  reservations
INSERT INTO `reservations` 
(name, note, status, customer_id, number_of_guests, table_id, reservation_date, time, time_out)
VALUES 
('D01', 'ww', 'completed', 1, 2, 1, '2023-01-10', 18, 22),
('D02', 'R', 'approved', 2, 4, 1, '2023-11-13', 16, 19),
('D03', 'gg', 'approved', 3, 5, 1, '2023-11-13', 17, 24),
('D04', 'gq', 'processing', 4, 9, 4, '2023-06-15', 17, 23),
('D05', 'v', 'approved', 5, 10, 1, '2023-12-01', 12, 20),
('D06', 'r', 'approved', 6, 2, 2, '2023-03-02', 19, 22),
('D07', 'e', 'completed', 7, 3, 3, '2023-03-02', 21, 23),
('D08', 'h', 'approved', 8, 6, 4, '2023-07-09', 11, 19),
('D09', 'k', 'processing', 9, 8, 1, '2023-11-04', 17, 21),
('D10', 'u', 'approved', 10, 10, 2, '2023-12-11', 15, 19),
('D11', 'p', 'processing', 11, 2, 3, '2023-09-11', 18, 21),
('D12', 'tg', 'pending', 12, 5, 4, '2023-06-04', 9, 18),
('D13', 'l', 'completed', 13, 5, 1, '2023-01-01', 14, 20),
('D14', 'a', 'approved', 14, 2, 2, '2023-10-10', 21, 24),
('D15', 'n', 'processing', 15, 10, 3, '2023-11-12', 11, 22),
('D16', 'f', 'pending', 16, 6, 4, '2023-09-09', 15, 19),
('D17', 'j', 'approved', 17, 8, 1, '2023-02-04', 7, 23),
('D18', 's', 'completed', 18, 3, 2, '2023-01-05', 14, 22),
('D19', 'd', 'pending', 19, 5, 3, '2023-04-07', 12, 21),
('D20', 'j', 'approved', 20, 2, 4, '2023-08-11', 13, 19),
('D21', 'h', 'approved', 21, 4, 1, '2023-12-02', 7, 18),
('D22', 'ư', 'pending', 22, 8, 2, '2023-09-18', 21, 23),
('D23', 'q', 'processing', 23, 5, 3, '2023-03-27', 15, 21),
('D24', 's', 'approved', 24, 6, 4, '2023-09-29', 20, 23),
('D25', 'c', 'completed', 25, 10, 1, '2023-10-20', 17, 22),
('D26', 'v', 'pending', 26, 3, 2, '2023-11-20', 7, 21),
('D27', 'z', 'completed', 27, 8, 3, '2023-06-01', 21, 23),
('D28', 'm', 'pending', 28, 3, 4, '2023-08-26', 17, 19),
('D29', 't', 'approved', 29, 2, 1, '2023-08-03', 15, 22),
('D30', 'rr', 'pending', 30, 6, 2, '2023-03-15', 18, 20),
('D31', 'vv', 'processing', 31, 7, 3, '2023-04-14', 10, 22),
('D32', 'hb', 'approved', 32, 10, 4, '2023-07-18', 17, 24),
('D33', 'nn', 'completed', 33, 8, 1, '2023-11-24', 7, 23),
('D34', 'xc', 'completed', 34, 8, 2, '2023-10-25', 19, 22),
('D35', 'rf', 'pending', 35, 5, 3, '2023-03-29', 10, 21),
('D36', 'ht', 'approved', 36, 5, 4, '2023-06-22', 16, 23),
('D37', 'et', 'processing', 37, 5, 1, '2023-07-27', 14, 21),
('D38', 'th', 'approved', 38, 4, 2, '2023-08-15', 16, 22),
('D39', 'ed', 'pending', 39, 7, 3, '2023-02-22', 16, 21),
('D40', 'sg', 'pending', 40, 8, 4, '2023-12-12', 11, 20),
('D41', 'dj', 'approved', 41, 5, 1, '2023-06-06', 16, 22),
('D42', 'dt', 'processing', 42, 6, 2, '2023-02-26', 10, 20),
('D43', 'br', 'approved', 43, 10, 3, '2023-06-24', 11, 19),
('D44', 'vr', 'pending', 44, 4, 4, '2023-09-27', 19, 21),
('D45', 'jz', 'approved', 45, 3, 1, '2023-11-16', 12, 23),
('D46', 'sk', 'completed', 46, 3, 2, '2023-10-28', 10, 21),
('D47', 'be', 'pending', 47, 4, 3, '2023-05-23', 7, 22),
('D48', 'js', 'processing', 48, 6, 4, '2023-06-05', 13, 20),
('D49', 'sv', 'approved', 49, 10, 1, '2023-07-10', 8, 22),
('D50', 'je', 'approved', 50, 6, 2, '2023-12-29', 10, 21),
('D51', 'me', 'processing', 51, 6, 3, '2023-10-01', 21, 23),
('D52', 'yc', 'processing', 52, 9, 4, '2023-02-25', 21, 24),
('D53', 'mư', 'approved', 53, 5, 1, '2023-05-22', 20, 22),
('D54', 'jr', 'pending', 54, 9, 2, '2023-05-05', 18, 20),
('D55', 'ge', 'pending', 55, 2, 3, '2023-11-22', 7, 17),
('D56', 'ưg', 'completed', 56, 10, 4, '2023-11-16', 20, 23);

